[
    {
        "id": 1,
        "name": "Pizza",
        "description": "Savor our delicious pizza with a crispy crust, tangy tomato sauce, and a generous layer of melted cheese. Perfect for any occasion.",
        "price": 20,
        "image": "cheese_pizza.jpg",
        "tags": ["New", "Cheesy"]
    },
    {
        "id": 2,
        "name": "Pasta",
        "description": "Indulge in our classic pasta, cooked to perfection and tossed in a rich, savory sauce. A delightful treat for pasta lovers.",
        "price": 16,
        "image": "Pasta2.jpg",
        "tags": ["New", "Vegetarian"]
    },
    {
        "id": 3,
        "name": "Spaghetti",
        "description": "Enjoy our spaghetti, served with a flavorful marinara sauce and topped with fresh herbs. A simple yet satisfying dish.",
        "price": 18,
        "image": "Spaghetti1.jpg",
        "tags": ["New", "Hot"]
    },
    {
        "id": 4,
        "name": "Swiss Cheese Cake",
        "description": "Delight in our creamy Swiss cheese cake, featuring a smooth texture and a buttery graham cracker crust. A perfect dessert for any sweet tooth.",
        "price": 9,
        "image": "Swiss_Cheese_Cake.jpg",
        "tags": ["New", "Sweet"]
    },
    {
        "id": 5,
        "name": "Swiss Black Tea",
        "description": "Relax with a cup of our Swiss black tea, offering a robust and aromatic flavor. Ideal for a soothing afternoon break.",
        "price": 6,
        "image": "swiss_black_tea1.jpg",
        "tags": ["New", "Refreshing"]
    },
    {
        "id": 6,
        "name": "Swiss Steak",
        "description": "Indulge in our tender Swiss steak, slow-cooked to perfection in a rich, savory sauce. A hearty meal that's sure to satisfy.",
        "price": 30,
        "image": "pizza1.jpg",
        "tags": ["New", "Hearty"]
    }
]